# fields=24 strings=0,5
"Northshire Abbey",0,3322602476,3205119345,1119668142,"Northshire Abbey",0,0,0,0,0,0,0,0,0,0,0,0,0,0,0,16712190,308,0
"orthshire Abbey",0,3322552893,1140119962,1121663058,"Stormwind, Elwynn",0,0,0,0,0,0,0,0,0,0,0,0,0,0,0,16712190,0,541
"rthshire Abbey",0,1182797727,1182749911,1116397896,"Programmer Isle",0,0,0,0,0,0,0,0,0,0,0,0,0,0,0,16712190,308,0
"thshire Abbey",0,3324384553,1149345382,1107825787,"Sentinel Hill, Westfall",0,0,0,0,0,0,0,0,0,0,0,0,0,0,0,16712190,0,541
"hshire Abbey",0,3323155558,3305862758,1116294349,"Lakeshire, Redridge",0,0,0,0,0,0,0,0,0,0,0,0,0,0,0,16712190,0,541
"shire Abbey",0,3314986557,3297799700,1140529889,"Ironforge, Dun Morogh",0,0,0,0,0,0,0,0,0,0,0,0,0,0,0,16712190,0,541
"hire Abbey",0,3312256041,3292779151,1091630531,"Menethil Harbor, Wetlands",0,0,0,0,0,0,0,0,0,0,0,0,0,0,0,16712190,0,541
"ire Abbey",0,3316215624,3308724265,1135452160,"Thelsamar, Loch Modan",0,0,0,0,0,0,0,0,0,0,0,0,0,0,0,16712190,0,541
"re Abbey",0,3328114452,1133899612,1106819154,"Booty Bay, Stranglethorn",0,0,0,0,0,0,0,0,0,0,0,0,0,0,0,16712190,541,0
"e Abbey",0,1139764756,1153438433,1124291052,"The Sepulcher, Silverpine Forest",0,0,0,0,0,0,0,0,0,0,0,0,0,0,0,16712190,3574,0
" Abbey",0,1153700823,1132854313,3257689702,"Undercity, Tirisfal",0,0,0,0,0,0,0,0,0,0,0,0,0,0,0,16712190,3574,0
"Abbey",0,3324267991,3298669773,1109744681,"Darkshire, Duskwood",0,0,0,0,0,0,0,0,0,0,0,0,0,0,0,16712190,0,541
"bbey",0,3178611343,3294034493,1114329580,"Tarren Mill, Hillsbrad",0,0,0,0,0,0,0,0,0,0,0,0,0,0,0,16712190,3574,0
"bey",0,3291602616,3288391352,1104208200,"Southshore, Hillsbrad",0,0,0,0,0,0,0,0,0,0,0,0,0,0,0,16712190,0,541
"ey",0,1158469222,3316057907,1118225039,"Eastern Plaguelands",0,0,0,0,0,0,0,0,0,0,0,0,0,0,0,16712190,541,0
"y",0,3298496758,3307024835,1102137262,"Refuge Pointe, Arathi",0,0,0,0,0,0,0,0,0,0,0,0,0,0,0,16712190,0,541
"",0,3294958223,3311046205,1116530278,"Hammerfall, Arathi",0,0,0,0,0,0,0,0,0,0,0,0,0,0,0,16712190,2224,0
"Stormwind, Elwynn",0,3328291113,1140772700,1104255386,"Booty Bay, Stranglethorn",0,0,0,0,0,0,0,0,0,0,0,0,0,0,0,16712190,2224,0
"tormwind, Elwynn",0,3328320563,1139282739,1108457554,"Booty Bay, Stranglethorn",0,0,0,0,0,0,0,0,0,0,0,0,0,0,0,16712190,0,541
"ormwind, Elwynn",0,3326212280,1125272125,1079110533,"Grom'gol, Stranglethorn",0,0,0,0,0,0,0,0,0,0,0,0,0,0,0,16712190,2224,0
"rmwind, Elwynn",0,3318697964,3305652429,1131684823,"Kargath, Badlands",0,0,0,0,0,0,0,0,0,0,0,0,0,0,0,16712190,2224,0
"mwind, Elwynn",1,3298141880,1106095636,1127281459,"Thunder Bluff, Mulgore",0,0,0,0,0,0,0,0,0,0,0,0,0,0,0,16712190,2224,0
"wind, Elwynn",1,1154593505,3313950126,1114942996,"Orgrimmar, Durotar",0,0,0,0,0,0,0,0,0,0,0,0,0,0,0,16712190,2224,0
"ind, Elwynn",0,3318763520,3305825485,1133202637,"Generic, World Target 002",0,0,0,0,0,0,0,0,0,0,0,0,0,0,0,16712190,0,0
"nd, Elwynn",1,3286034022,3307356488,1119887032,"Crossroads, The Barrens",0,0,0,0,0,0,0,0,0,0,0,0,0,0,0,16712190,2224,0
"d, Elwynn",1,1170615050,1141599109,1099059692,"Auberdine, Darkshore",0,0,0,0,0,0,0,0,0,0,0,0,0,0,0,16712190,0,3837
", Elwynn",1,1174867548,1146241843,1102734950,"Rut'theran Village, Teldrassil",0,0,0,0,0,0,0,0,0,0,0,0,0,0,0,16712190,0,3837
" Elwynn",1,1160820081,3281034936,1121341932,"Astranaar, Ashenvale",0,0,0,0,0,0,0,0,0,0,0,0,0,0,0,16712190,0,3837
"Elwynn",1,1148298363,1149372989,1120963133,"Sun Rock Retreat, Stonetalon Mountains",0,0,0,0,0,0,0,0,0,0,0,0,0,0,0,16712190,2224,0
"lwynn",1,3316186542,3306611917,1119134679,"Freewind Post, Thousand Needles",0,0,0,0,0,0,0,0,0,0,0,0,0,0,0,16712190,2224,0
"wynn",1,3314310922,3292657910,3256751227,"Thalanaar, Feralas",0,0,0,0,0,0,0,0,0,0,0,0,0,0,0,16712190,0,3837
"ynn",1,3312391660,3314361508,1093077565,"Theramore, Dustwallow Marsh",0,0,0,0,0,0,0,0,0,0,0,0,0,0,0,16712190,0,541
"nn",1,1160221204,1152824771,1130946888,"Stonetalon Peak, Stonetalon Mountains",0,0,0,0,0,0,0,0,0,0,0,0,0,0,0,16712190,0,3837
"n",1,3304433009,3317039698,3213340180,"Transport, Booty Bay",0,0,0,0,0,0,0,0,0,0,0,0,0,0,0,16712190,0,0
"",1,1151664701,3314633114,1101827932,"Transport, Orgrimmar",0,0,0,0,0,0,0,0,0,0,0,0,0,0,0,16712190,0,0
"Programmer Isle",0,3322352251,1138271191,1114494730,"Generic, World Target 001",0,0,0,0,0,0,0,0,0,0,0,0,0,0,0,16712190,15665,0
"rogrammer Isle",1,1124810097,1151711805,1128366080,"Nijel's Point, Desolace",0,0,0,0,0,0,0,0,0,0,0,0,0,0,0,16712190,0,3837
"ogrammer Isle",1,3302814843,1162608189,1084101755,"Shadowprey Village, Desolace",0,0,0,0,0,0,0,0,0,0,0,0,0,0,0,16712190,2224,0
"grammer Isle",1,3319906243,3312019825,1090927985,"Gadgetzan, Tanaris",0,0,0,0,0,0,0,0,0,0,0,0,0,0,0,16712190,0,541
"rammer Isle",1,3319547679,3312207299,1092815421,"Gadgetzan, Tanaris",0,0,0,0,0,0,0,0,0,0,0,0,0,0,0,16712190,2224,0
"ammer Isle",1,3314069094,1162914406,1094996460,"Feathermoon, Feralas",0,0,0,0,0,0,0,0,0,0,0,0,0,0,0,16712190,0,3837
"mmer Isle",1,3314163425,1128746844,1103657697,"Camp Mojache, Feralas",0,0,0,0,0,0,0,0,0,0,0,0,0,0,0,16712190,2224,0
"mer Isle",0,1133371064,3304740946,1128447345,"Aerie Peak, The Hinterlands",0,0,0,0,0,0,0,0,0,0,0,0,0,0,0,16712190,0,541
"er Isle",1,1164236882,3314103050,1122113946,"Valormok, Azshara",0,0,0,0,0,0,0,0,0,0,0,0,0,0,0,16712190,2224,0
"r Isle",0,3324879104,3310795735,1117662740,"Nethergarde Keep, Blasted Lands",0,0,0,0,0,0,0,0,0,0,0,0,0,0,0,16712190,0,541
" Isle",0,3296107397,3288921866,3229026877,"Transport, Southshore",0,0,0,0,0,0,0,0,0,0,0,0,0,0,0,16712190,0,0
"Isle",0,3326216980,1131114004,1066359849,"Transport, Grom'gol",0,0,0,0,0,0,0,0,0,0,0,0,0,0,0,16712190,0,0
"sle",1,1168007987,3282607145,1136112763,"Bloodvenom Post, Felwood",0,0,0,0,0,0,0,0,0,0,0,0,0,0,0,16712190,2224,0
"le",1,1172902810,3306910556,1139223101,"Moonglade",0,0,0,0,0,0,0,0,0,0,0,0,0,0,0,16712190,0,3837
"e",0,0,0,0,"Transport, Menethil Harbor",0,0,0,0,0,0,0,0,0,0,0,0,0,0,0,16712190,0,0
"",0,0,0,0,"Transport, Auberdine",0,0,0,0,0,0,0,0,0,0,0,0,0,0,0,16712190,0,0
"Sentinel Hill, Westfall",1,1171547750,3314823967,1143955456,"Everlook, Winterspring",0,0,0,0,0,0,0,0,0,0,0,0,0,0,0,16712190,0,3837
"entinel Hill, Westfall",1,1171581051,3314555126,1144105697,"Everlook, Winterspring",0,0,0,0,0,0,0,0,0,0,0,0,0,0,0,16712190,2224,0
"ntinel Hill, Westfall",1,3313721078,1162690560,3243098767,"Transport, Feathermoon",0,0,0,0,0,0,0,0,0,0,0,0,0,0,0,16712190,0,0
"tinel Hill, Westfall",1,3309614653,3308364513,1107980452,"Brackenwall Village, Dustwallow Marsh",0,0,0,0,0,0,0,0,0,0,0,0,0,0,0,16712190,2224,0
"inel Hill, Westfall",0,3324208097,3310154752,1101712589,"Stonard, Swamp of Sorrows",0,0,0,0,0,0,0,0,0,0,0,0,0,0,0,16712190,2224,0
"nel Hill, Westfall",1,1174926858,1148704686,1097030697,"Fishing Village, Teldrassil",0,0,0,0,0,0,0,0,0,0,0,0,0,0,0,16712190,0,3837
"el Hill, Westfall",1,1163062108,1148796436,1084626043,"Zoram'gar Outpost, Ashenvale",0,0,0,0,0,0,0,0,0,0,0,0,0,0,0,16712190,2224,0
"l Hill, Westfall",30,1141869937,3258620314,1108766884,"Dun Baldar, Alterac Valley",0,0,0,0,0,0,0,0,0,0,0,0,0,0,0,16712190,0,541
" Hill, Westfall",30,3299274260,3282032722,1119179244,"Frostwolf Keep, Alterac Valley",0,0,0,0,0,0,0,0,0,0,0,0,0,0,0,16712190,3574,0
"Hill, Westfall",1,1158669885,3307063501,1120980173,"Splintertree Post, Ashenvale",0,0,0,0,0,0,0,0,0,0,0,0,0,0,0,16712190,2224,0
"ill, Westfall",1,1173589217,3306567557,1140107510,"Nighthaven, Moonglade",0,0,0,0,0,0,0,0,0,0,0,0,0,0,0,16712190,0,3837
"ll, Westfall",1,1173577155,3306570138,1140115374,"Nighthaven, Moonglade",0,0,0,0,0,0,0,0,0,0,0,0,0,0,0,16712190,2224,0
"l, Westfall",1,1160388567,3312618045,1120517489,"Talrendis Point, Azshara",0,0,0,0,0,0,0,0,0,0,0,0,0,0,0,16712190,0,3837
", Westfall",1,1170337546,3304305705,1141822095,"Talonbranch Glade, Felwood",0,0,0,0,0,0,0,0,0,0,0,0,0,0,0,16712190,0,3837
" Westfall",0,1147720827,3300049797,1115772682,"Chillwind Camp, Western Plaguelands",0,0,0,0,0,0,0,0,0,0,0,0,0,0,0,16712190,0,541
"Westfall",0,1158541681,3316049510,1118713938,"Light's Hope Chapel, Eastern Plaguelands",0,0,0,0,0,0,0,0,0,0,0,0,0,0,0,16712190,0,541
"estfall",0,1158772367,3315939103,1118015324,"Light's Hope Chapel, Eastern Plaguelands",0,0,0,0,0,0,0,0,0,0,0,0,0,0,0,16712190,3574,0
"stfall",1,1172927263,3305420308,1140206469,"Moonglade",0,0,0,0,0,0,0,0,0,0,0,0,0,0,0,16712190,2224,0
"tfall",0,3320479805,3305683108,1126533038,"Flame Crest, Burning Steppes",0,0,0,0,0,0,0,0,0,0,0,0,0,0,0,16712190,2224,0
"fall",0,3322065521,3307939226,1127839171,"Morgan's Vigil, Burning Steppes",0,0,0,0,0,0,0,0,0,0,0,0,0,0,0,16712190,0,541
"all",1,3319061279,1146171228,1111965041,"Cenarion Hold, Silithus",0,0,0,0,0,0,0,0,0,0,0,0,0,0,0,16712190,2224,0
"ll",1,3318959780,1145111020,1118949868,"Cenarion Hold, Silithus",0,0,0,0,0,0,0,0,0,0,0,0,0,0,0,16712190,0,3837
"l",0,3318531256,3297904804,1134208942,"Thorium Point, Searing Gorge",0,0,0,0,0,0,0,0,0,0,0,0,0,0,0,16712190,0,541
"",0,3318536049,3297345946,1134217462,"Thorium Point, Searing Gorge",0,0,0,0,0,0,0,0,0,0,0,0,0,0,0,16712190,2224,0
"Lakeshire, Redridge",0,3290353828,3314779136,1085024502,"Revantusk Village, The Hinterlands",0,0,0,0,0,0,0,0,0,0,0,0,0,0,0,16712190,2224,0
"akeshire, Redridge",1,3306474168,3303757169,1119859507,"Camp Taurajo, The Barrens",0,0,0,0,0,0,0,0,0,0,0,0,0,0,0,16712190,2224,0
"keshire, Redridge",0,1162073334,3310649057,1124829102,"Naxxramas",0,0,0,0,0,0,0,0,0,0,0,0,0,0,0,16712190,0,0
"eshire, Redridge",1,3317632655,3297695334,3275465032,"Marshal's Refuge, Un'Goro Crater",0,0,0,0,0,0,0,0,0,0,0,0,0,0,0,16712190,2224,541
"shire, Redridge",1,3294602691,3312177193,1094168084,"Ratchet, The Barrens",0,0,0,0,0,0,0,0,0,0,0,0,0,0,0,16712190,2224,541
"hire, Redridge",131074,0,0,0,"Filming",0,0,0,0,0,0,0,0,0,0,0,0,0,0,0,16712190,0,0
"ire, Redridge",530,1175616758,3319787295,1091599073,"Silvermoon City",0,0,0,0,0,0,0,0,0,0,0,0,0,0,0,16712190,19917,0
"re, Redridge",530,1173181379,3319005778,1118628741,"Tranquillien, Ghostlands",0,0,0,0,0,0,0,0,0,0,0,0,0,0,0,16712190,19917,0
"e, Redridge",0,1161522012,3309216154,1122656584,"Plaguewood Tower, Eastern Plaguelands",0,0,0,0,0,0,0,0,0,0,0,0,0,0,0,16712190,32942,32942
", Redridge",0,1161975030,3313887498,1121642086,"Northpass Tower, Eastern Plaguelands",0,0,0,0,0,0,0,0,0,0,0,0,0,0,0,16712190,3574,541
" Redridge",0,1159476142,3314824909,1119551488,"Eastwall Tower, Eastern Plaguelands",0,0,0,0,0,0,0,0,0,0,0,0,0,0,0,16712190,3574,541
"Redridge",0,1156067820,3311708037,1125104353,"Crown Guard Tower, Eastern Plaguelands",0,0,0,0,0,0,0,0,0,0,0,0,0,0,0,16712190,3574,541
"edridge",530,3313885204,3324963574,1095772406,"Transport, Exodar",0,0,0,0,0,0,0,0,0,0,0,0,0,0,0,16712190,0,0
"dridge",0,0,0,0,"Transport, Theramore",0,0,0,0,0,0,0,0,0,0,0,0,0,0,0,16712190,0,0
"ridge",9770568,0,0,0,"Transport, Undercity",0,0,0,0,0,0,0,0,0,0,0,0,0,0,0,16712190,0,0
"idge",530,3313090601,3325678561,1046562734,"Quest - Azuremyst Shaman Target",0,0,0,0,0,0,0,0,0,0,0,0,0,0,0,16712190,0,0
"dge",530,3311793398,3325187113,1134250230,"Quest - Azuremyst Shaman Start",0,0,0,0,0,0,0,0,0,0,0,0,0,0,0,16712190,0,0
"ge",530,3304171684,3325741681,1113899663,"Blood Watch, Bloodmyst Isle",0,0,0,0,0,0,0,0,0,0,0,0,0,0,0,16712190,0,3837
"e",530,3313331773,3325576550,1091620045,"The Exodar",0,0,0,0,0,0,0,0,0,0,0,0,0,0,0,16712190,0,3837
"",530,3272755773,1168958587,1106714296,"Zangarmarsh - Quest - As the Crow Flies",0,0,0,0,0,0,0,0,0,0,0,0,0,0,0,16712190,17972,0
"Ironforge, Dun Morogh",530,3272686305,1168959549,1106745754,"Zangarmarsh - Quest - As the Crow Flies - End",0,0,0,0,0,0,0,0,0,0,0,0,0,0,0,16712190,0,0
"ronforge, Dun Morogh",530,3312977388,3325715610,3214682358,"Quest - Elekk Path to Kessel",0,0,0,0,0,0,0,0,0,0,0,0,0,0,0,16712190,0,18167
"onforge, Dun Morogh",530,3307627725,3325936230,1099384750,"Quest - Elekk to Kessel Target",0,0,0,0,0,0,0,0,0,0,0,0,0,0,0,16712190,0,0
"nforge, Dun Morogh",530,1130659840,1160026399,1118787338,"Thrallmar, Hellfire Peninsula",0,0,0,0,0,0,0,0,0,0,0,0,0,0,0,16712190,2224,0
"forge, Dun Morogh",530,3290979041,1160369234,1119640617,"Honor Hold, Hellfire Peninsula",0,0,0,0,0,0,0,0,0,0,0,0,0,0,0,16712190,0,541
"orge, Dun Morogh",530,1128737014,1166314619,1123254272,"Temple of Telhamat, Hellfire Peninsula",0,0,0,0,0,0,0,0,0,0,0,0,0,0,0,16712190,0,3837
"rge, Dun Morogh",530,3289569853,1166026772,1119272305,"Falcon Watch, Hellfire Peninsula",0,0,0,0,0,0,0,0,0,0,0,0,0,0,0,16712190,2224,0
"ge, Dun Morogh",530,3303163167,1174077665,3251607962,"Nagrand - PvP - Attack Run Start 1 ",0,0,0,0,0,0,0,0,0,0,0,0,0,0,0,16712190,18345,18345
"e, Dun Morogh",530,3303278019,1174112850,3252079821,"Nagrand - PvP - Attack Run End 1",0,0,0,0,0,0,0,0,0,0,0,0,0,0,0,16712190,13161,13161
", Dun Morogh",530,3300732109,1174300529,3248278733,"Nagrand - PvP - Attack Run Start 2",0,0,0,0,0,0,0,0,0,0,0,0,0,0,0,16712190,18345,18345
" Dun Morogh",530,3300714578,1174318510,3247743959,"Nagrand - PvP - Attack Run End 2",0,0,0,0,0,0,0,0,0,0,0,0,0,0,0,16712190,541,541
"Dun Morogh",530,3299697213,1173566280,3241641247,"Nagrand - PvP - Attack Run Start 3",0,0,0,0,0,0,0,0,0,0,0,0,0,0,0,16712190,18345,18345
"un Morogh",530,3299612426,1173543260,3240183726,"Nagrand - PvP - Attack Run End 3",0,0,0,0,0,0,0,0,0,0,0,0,0,0,0,16712190,541,541
"n Morogh",530,3301905203,1173448520,3245961380,"Nagrand - PvP - Attack Run Start 4",0,0,0,0,0,0,0,0,0,0,0,0,0,0,0,16712190,18345,18345
" Morogh",530,3301924045,1173448110,3246171095,"Nagrand - PvP - Attack Run End 4",0,0,0,0,0,0,0,0,0,0,0,0,0,0,0,16712190,541,541
"Morogh",530,1175576402,3321256079,1117114860,"Eversong - Duskwither Teleport",0,0,0,0,0,0,0,0,0,0,0,0,0,0,0,16712190,18392,18392
"orogh",530,1175576238,3321105838,1124635116,"Eversong - Duskwither Teleport End",0,0,0,0,0,0,0,0,0,0,0,0,0,0,0,16712190,17972,17972
"rogh",530,3300985733,1175019592,1108140360,"Quest - Nethrandamus Start",0,0,0,0,0,0,0,0,0,0,0,0,0,0,0,16712190,18543,18543
"ogh",530,3300985733,1175019612,1108140360,"Quest - Nethrandamus End Target",0,0,0,0,0,0,0,0,0,0,0,0,0,0,0,16712190,0,0
"gh",560,1159007150,1150430249,1116059730,"Quest - Caverns of Time OH - Begin",0,0,0,0,0,0,0,0,0,0,0,0,0,0,0,16712190,18768,18768
"h",560,1157354701,1131390566,1116277309,"Quest - Caverns of Time OH - End",0,0,0,0,0,0,0,0,0,0,0,0,0,0,0,16712190,0,0
"",530,1129693184,1170046464,1125404508,"Telredor, Zangarmarsh",0,0,0,0,0,0,0,0,0,0,0,0,0,0,0,16712190,0,3837
"Menethil Harbor, Wetlands",530,1130066739,1173635072,1102430863,"Zabra'jin, Zangarmarsh",0,0,0,0,0,0,0,0,0,0,0,0,0,0,0,16712190,2224,2224
"enethil Harbor, Wetlands",530,3307900928,1172589158,1118914478,"Telaar, Nagrand",0,0,0,0,0,0,0,0,0,0,0,0,0,0,0,16712190,0,3837
"nethil Harbor, Wetlands",530,3298665185,1172237087,1113938985,"Garadar, Nagrand",0,0,0,0,0,0,0,0,0,0,0,0,0,0,0,16712190,2224,0
"ethil Harbor, Wetlands",530,3308958679,1165102203,1091703931,"Allerian Stronghold, Terokkar Forest",0,0,0,0,0,0,0,0,0,0,0,0,0,0,0,16712190,0,541
"thil Harbor, Wetlands",530,1161864438,1163968963,1125123359,"Area 52, Netherstorm",0,0,0,0,0,0,0,0,0,0,0,0,0,0,0,16712190,2224,541
"hil Harbor, Wetlands",530,3309087212,1159713137,1117662740,"Shadowmoon Village, Shadowmoon Valley",0,0,0,0,0,0,0,0,0,0,0,0,0,0,0,16712190,2224,0
"il Harbor, Wetlands",530,3313033503,1158072197,1121078477,"Wildhammer Stronghold, Shadowmoon Valley",0,0,0,0,0,0,0,0,0,0,0,0,0,0,0,16712190,0,541
"l Harbor, Wetlands",530,1158183526,1171542958,1127696302,"Sylvanaar, Blade's Edge Mountains",0,0,0,0,0,0,0,0,0,0,0,0,0,0,0,16712190,0,3837
" Harbor, Wetlands",530,1159259628,1169958769,1125799690,"Thunderlord Stronghold, Blade's Edge Mountains",0,0,0,0,0,0,0,0,0,0,0,0,0,0,0,16712190,2224,0
"Harbor, Wetlands",530,3307238728,1166687908,1109217772,"Stonebreaker Hold, Terokkar Forest",0,0,0,0,0,0,0,0,0,0,0,0,0,0,0,16712190,2224,0
"arbor, Wetlands",530,3303384924,1168486195,3242647880,"Shattrath, Terokkar Forest",0,0,0,0,0,0,0,0,0,0,0,0,0,0,0,16712190,2224,541
"rbor, Wetlands",530,3282283725,1149181788,1113128960,"Hellfire Peninsula, The Dark Portal, Alliance",0,0,0,0,0,0,0,0,0,0,0,0,0,0,0,16712190,0,541
"bor, Wetlands",530,3274839818,1149261578,1113113231,"Hellfire Peninsula, The Dark Portal, Horde",0,0,0,0,0,0,0,0,0,0,0,0,0,0,0,16712190,2224,0
"or, Wetlands",530,3251377275,1157977907,1122054963,"Quest - Horde Hellfire Start",0,0,0,0,0,0,0,0,0,0,0,0,0,0,0,16712190,19275,18376
"r, Wetlands",530,3251424461,1157977702,1122052342,"Quest - Horde Hellfire End",0,0,0,0,0,0,0,0,0,0,0,0,0,0,0,16712190,19275,0
", Wetlands",530,3290984120,1156049224,1116336292,"Quest - Hellfire Peninsula (Alliance Path) Start",0,0,0,0,0,0,0,0,0,0,0,0,0,0,0,16712190,19324,19324
" Wetlands",530,3290984448,1156049469,1116334981,"Quest - Hellfire Peninsula (Alliance) End",0,0,0,0,0,0,0,0,0,0,0,0,0,0,0,16712190,19324,19324
"Wetlands",530,3252499251,1157949727,1121956659,"Quest - Hellfire, Aerial Mission (Horde) Start",0,0,0,0,0,0,0,0,0,0,0,0,0,0,0,16712190,19275,19324
"etlands",530,3252431094,1157949440,1121960591,"Quest - Hellfire, Aerial Mission (Horde) End",0,0,0,0,0,0,0,0,0,0,0,0,0,0,0,16712190,19275,19324
"tlands",530,1133854720,1153149010,3244587745,"Quest - Hellfire, Aerial Mission (Alliance) Start",0,0,0,0,0,0,0,0,0,0,0,0,0,0,0,16712190,19275,19324
"lands",530,1133857669,1153147945,3244556288,"Quest - Hellfire, Aerial Mission (Alliance) End",0,0,0,0,0,0,0,0,0,0,0,0,0,0,0,16712190,19275,19324
"ands",530,1166142628,1161362186,1135610429,"The Stormspire, Netherstorm",0,0,0,0,0,0,0,0,0,0,0,0,0,0,0,16712190,2224,541
"nds",530,3309279642,1144740577,3240204698,"Altar of Sha'tar, Shadowmoon Valley",0,0,0,0,0,0,0,0,0,0,0,0,0,0,0,16712190,2224,541
"ds",530,3299121889,1158900204,1118956421,"Spinebreaker Ridge, Hellfire Peninsula",0,0,0,0,0,0,0,0,0,0,0,0,0,0,0,16712190,2224,0
"s",530,3253290926,1157946245,1121906852,"Hellfire Peninsula - Reaver's Fall",0,0,0,0,0,0,0,0,0,0,0,0,0,0,0,16712190,2224,0
"",1,3322061548,3313974743,3276821627,"Quest - Caverns of Time (Intro Flight Path) (End)",0,0,0,0,0,0,0,0,0,0,0,0,0,0,0,16712190,16081,16081
"Thelsamar, Loch Modan",1,3321827348,3314934231,1108287160,"Quest - Caverns of Time (Intro Flight Path) (Start)",0,0,0,0,0,0,0,0,0,0,0,0,0,0,0,16712190,18768,18768
"helsamar, Loch Modan",530,1161850921,1163981128,1125126636,"Quest - Netherstorm - Stealth Flight - Begin",0,0,0,0,0,0,0,0,0,0,0,0,0,0,0,16712190,2224,0
"elsamar, Loch Modan",530,1158395249,1160682578,1124075438,"Quest - Netherstorm - Stealth Flight - End",0,0,0,0,0,0,0,0,0,0,0,0,0,0,0,16712190,0,0
"lsamar, Loch Modan",530,1140757955,1157142036,1121664369,"Hellfire Peninsula - Force Camp Beach Head",0,0,0,0,0,0,0,0,0,0,0,0,0,0,0,16712190,0,19324
"samar, Loch Modan",530,1133853409,1153148355,3244587745,"Shatter Point, Hellfire Peninsula (Beach Assault)",0,0,0,0,0,0,0,0,0,0,0,0,0,0,0,16712190,0,19324
"amar, Loch Modan",530,1133123994,1153031455,3245447578,"Shatter Point, Hellfire Peninsula",0,0,0,0,0,0,0,0,0,0,0,0,0,0,0,16712190,0,541
"mar, Loch Modan",530,1161424691,1155991470,1124943790,"Cosmowrench, Netherstorm",0,0,0,0,0,0,0,0,0,0,0,0,0,0,0,16712190,2224,541
"ar, Loch Modan",530,1119311626,1168308060,1102630093,"Swamprat Post, Zangarmarsh",0,0,0,0,0,0,0,0,0,0,0,0,0,0,0,16712190,2224,0
"r, Loch Modan",530,1166357279,1157992120,1124823204,"Quest - Netherstorm - Manaforge Ultris (Start)",0,0,0,0,0,0,0,0,0,0,0,0,0,0,0,16712190,20903,20903
", Loch Modan",530,1166366106,1157977620,1124782572,"Quest - Netherstorm - Manaforge Ultris (End)",0,0,0,0,0,0,0,0,0,0,0,0,0,0,0,16712190,20903,20903
" Loch Modan",0,1184669635,1168278917,1184513423,"Quest - Netherstorm - Manaforge Ultris (Second Pass) Start",0,0,0,0,0,0,0,0,0,0,0,0,0,0,0,16712190,20903,20903
"Loch Modan",530,1166367007,1157976187,1124779295,"Quest - Netherstorm - Manaforge Ultris (Second Pass) End",0,0,0,0,0,0,0,0,0,0,0,0,0,0,0,16712190,0,0
"och Modan",530,1156066099,1168957174,1133150536,"Toshley's Station, Blade's Edge Mountains",0,0,0,0,0,0,0,0,0,0,0,0,0,0,0,16712190,0,541
"ch Modan",530,1158568919,1169881805,1125030298,"Quest - Blade's Edge - Vision Guide - Start",0,0,0,0,0,0,0,0,0,0,0,0,0,0,0,16712190,21396,0
"h Modan",530,1158572278,1169882542,1125028332,"Quest - Blade's Edge - Vision Guide - End",0,0,0,0,0,0,0,0,0,0,0,0,0,0,0,16712190,0,0
" Modan",530,3313406648,1150055301,1110040904,"Sanctum of the Stars, Shadowmoon Valley",0,0,0,0,0,0,0,0,0,0,0,0,0,0,0,16712190,2224,541
"Modan",530,1161429033,1168894218,1125100421,"Evergrove, Blade's Edge Mountains",0,0,0,0,0,0,0,0,0,0,0,0,0,0,0,16712190,2224,541
"odan",654135852,0,0,0,"Quest - Nether Dragon Ally - Start",0,0,0,0,0,0,0,0,0,0,0,0,0,0,0,16712190,22360,22360
"dan",530,3313508905,1148033106,1102111048,"Quest - Nether Dragon Ally - End",0,0,0,0,0,0,0,0,0,0,0,0,0,0,0,16712190,0,0
"an",530,1157470536,1167264297,1125548687,"Mok'Nathal Village, Blade's Edge Mountains",0,0,0,0,0,0,0,0,0,0,0,0,0,0,0,16712190,2224,0
"n",530,1148300001,1172781384,1105796792,"Orebor Harborage, Zangarmarsh",0,0,0,0,0,0,0,0,0,0,0,0,0,0,0,16712190,3837,3837
"",3,0,0,0,"Transport, Northrend 2",0,0,0,0,0,0,0,0,0,0,0,0,0,0,0,16712190,0,0
"Booty Bay, Stranglethorn",1,1165536215,3299118449,1132076073,"Emerald Sanctuary, Felwood",0,0,0,0,0,0,0,0,0,0,0,0,0,0,0,16712190,2224,3837
"ooty Bay, Stranglethorn",1,1161528320,3309840015,1128121631,"Forest Song, Ashenvale",0,0,0,0,0,0,0,0,0,0,0,0,0,0,0,16712190,0,3837
"oty Bay, Stranglethorn",0,3323167928,1115822490,1113634898,"Filming",0,0,0,0,0,0,0,0,0,0,0,0,0,0,0,16712190,0,3837
"ty Bay, Stranglethorn",530,3315811389,1142814310,1111584932,"Quest - Netherwing Ledge - Mine Cart Ride - South - Start",0,0,0,0,0,0,0,0,0,0,0,0,0,0,0,16712190,23372,23372
"y Bay, Stranglethorn",530,3315731886,1127019315,3241746104,"Quest - Netherwing Ledge - Mine Cart Ride - South - End",0,0,0,0,0,0,0,0,0,0,0,0,0,0,0,16712190,23289,23289
" Bay, Stranglethorn",530,3310504673,1164190433,1133405143,"Skettis",0,0,0,0,0,0,0,0,0,0,0,0,0,0,0,16712190,23422,23422
"Bay, Stranglethorn",530,1159606682,1172623544,1136316908,"Ogri'La",0,0,0,0,0,0,0,0,0,0,0,0,0,0,0,16712190,23422,23422
"ay, Stranglethorn",530,3315641057,1142621962,1118135910,"Quest - Yarzill Flight Start",0,0,0,0,0,0,0,0,0,0,0,0,0,0,0,16712190,23468,23468
"y, Stranglethorn",530,3301737185,1168432886,3257165414,"Quest - Yarzill Flight Start End",0,0,0,0,0,0,0,0,0,0,0,0,0,0,0,16712190,0,0
", Stranglethorn",571,1145321718,3315487089,3237751030,"Transport, Howling Fjord",0,0,0,0,0,0,0,0,0,0,0,0,0,0,0,16712190,0,0
" Stranglethorn",571,1131764777,3310277427,1063843267,"Quest - Howling Fjord Tauren Canoe (Start)",0,0,0,0,0,0,0,0,0,0,0,0,0,0,0,16712190,23518,23518
"Stranglethorn",571,3272833106,3311416771,1051595899,"Quest - Howling Fjord Tauren Canoe (End)",0,0,0,0,0,0,0,0,0,0,0,0,0,0,0,16712190,23518,23518
"tranglethorn",3,0,0,0,"Transport, Borean Tundra",0,0,0,0,0,0,0,0,0,0,0,0,0,0,0,16712190,0,0
"ranglethorn",1,3314463191,3309936845,1108004045,"Mudsprocket, Dustwallow Marsh",0,0,0,0,0,0,0,0,0,0,0,0,0,0,0,16712190,2224,541
"anglethorn",1,3312380559,3314350756,1093496996,"Quest - Dustwallow - Alcaz Survey Start",0,0,0,0,0,0,0,0,0,0,0,0,0,0,0,16712190,0,541
"nglethorn",1,3312380764,3314347315,1093643796,"Quest - Dustwallow - Alcaz Survey End",0,0,0,0,0,0,0,0,0,0,0,0,0,0,0,16712190,0,541
"glethorn",571,1152449659,3309348823,1123275244,"Quest - Howling Fjord - Break the Blockade Zeppelin",0,0,0,0,0,0,0,0,0,0,0,0,0,0,0,16712190,0,0
"lethorn",571,1141758525,3315374019,1094189056,"Valgarde Port, Howling Fjord",0,0,0,0,0,0,0,0,0,0,0,0,0,0,0,16712190,0,541
"ethorn",571,1159351378,3315412623,1133362872,"Fort Wildervar, Howling Fjord",0,0,0,0,0,0,0,0,0,0,0,0,0,0,0,16712190,0,541
"thorn",571,1151851233,3310190182,1127117619,"Westguard Keep, Howling Fjord",0,0,0,0,0,0,0,0,0,0,0,0,0,0,0,16712190,0,541
"horn",571,1156512317,3317766287,1103421768,"Quest - Howling Fjord - Flight to the Windrunner - Start",0,0,0,0,0,0,0,0,0,0,0,0,0,0,0,16712190,3574,0
"orn",571,1154390671,3318448353,1100207882,"Quest - Howling Fjord - Flight to the Windrunner - End",0,0,0,0,0,0,0,0,0,0,0,0,0,0,0,16712190,3574,0
"rn",571,1156520182,3317765755,1103437496,"Quest - Howling Fjord - Test at Sea - Start",0,0,0,0,0,0,0,0,0,0,0,0,0,0,0,16712190,3574,0
"n",571,1156529357,3317763830,1103427011,"Quest - Howling Fjord - Test at Sea - End",0,0,0,0,0,0,0,0,0,0,0,0,0,0,0,16712190,0,0
"",571,1137217372,3314418278,1131711037,"New Agamand, Howling Fjord",0,0,0,0,0,0,0,0,0,0,0,0,0,0,0,16712190,3574,0
"The Sepulcher, Silverpine Forest",571,1156567859,3317759775,1103316910,"Vengeance Landing, Howling Fjord",0,0,0,0,0,0,0,0,0,0,0,0,0,0,0,16712190,3574,0
"he Sepulcher, Silverpine Forest",571,1160105533,3314107822,1133357302,"Camp Winterhoof, Howling Fjord",0,0,0,0,0,0,0,0,0,0,0,0,0,0,0,16712190,2224,0
"e Sepulcher, Silverpine Forest",571,1151839764,3310192927,1127117619,"Quest - Howling Fjord - Mission: Plague This! - End",0,0,0,0,0,0,0,0,0,0,0,0,0,0,0,16712190,0,541
" Sepulcher, Silverpine Forest",571,1151836815,3310192108,1127117619,"Quest - Howling Fjord - Mission: Plague This! - Start",0,0,0,0,0,0,0,0,0,0,0,0,0,0,0,16712190,0,541
"Sepulcher, Silverpine Forest",0,3325116385,3277378683,1117155492,"Rebel Camp, Stranglethorn Vale",0,0,0,0,0,0,0,0,0,0,0,0,0,0,0,16712190,0,541
"epulcher, Silverpine Forest",451,1175522406,3323483965,1115202519,"Test - SP",0,0,0,0,0,0,0,0,0,0,0,0,0,0,0,16712190,12374,541
"pulcher, Silverpine Forest",0,3322868347,1131612733,1118750638,"Test SP2",0,0,0,0,0,0,0,0,0,0,0,0,0,0,0,16712190,0,0
"ulcher, Silverpine Forest",451,1175648082,3323620035,0,"Test SP1",0,0,0,0,0,0,0,0,0,0,0,0,0,0,0,16712190,24489,541
"lcher, Silverpine Forest",571,1142920643,3315504271,3194717471,"Quest - Howling Fjord - McGoyver Start",0,0,0,0,0,0,0,0,0,0,0,0,0,0,0,16712190,24716,24716
"cher, Silverpine Forest",571,1139930563,3317221581,1134186004,"Quest - Howling Fjord - McGoyver End",0,0,0,0,0,0,0,0,0,0,0,0,0,0,0,16712190,24716,24716
"her, Silverpine Forest",451,1182392771,3330265027,1117353411,"Development Land - Kyle Radue Start",0,0,0,0,0,0,0,0,0,0,0,0,0,0,0,16712190,23468,23468
"er, Silverpine Forest",451,1182391992,3330265037,1117349478,"Development Land - Kyle Radue End",0,0,0,0,0,0,0,0,0,0,0,0,0,0,0,16712190,0,0
"r, Silverpine Forest",571,1163597005,1157159567,1115829043,"Quest - Stars' Rest -> Wintergarde",0,0,0,0,0,0,0,0,0,0,0,0,0,0,0,16712190,0,27127
", Silverpine Forest",12,0,0,0,"Quest - New Agamand -> Venomspite",0,0,0,0,0,0,0,0,0,0,0,0,0,0,0,16712190,27179,0
" Silverpine Forest",530,1171533394,3320978596,1123878175,"Zul'Aman, Ghostlands",0,0,0,0,0,0,0,0,0,0,0,0,0,0,0,16712190,3574,541
"Silverpine Forest",1,3314016276,1159181476,1087666913,"Transport, Feathermoon (NE Ship)",0,0,0,0,0,0,0,0,0,0,0,0,0,0,0,16712190,0,0
"ilverpine Forest",571,1098194616,3313286308,1036831949,"Quest - Howling Fjord - Sister Mercy (Start)",0,0,0,0,0,0,0,0,0,0,0,0,0,0,0,16712190,0,0
"lverpine Forest",571,1098194616,3313285980,1036831949,"Quest - Howling Fjord - Sister Mercy (End)",0,0,0,0,0,0,0,0,0,0,0,0,0,0,0,16712190,0,0
"verpine Forest",530,1179337093,3319266939,1092175790,"Quest - Sunwell Daily - Dead Scar Bombing - Start",0,0,0,0,0,0,0,0,0,0,0,0,0,0,0,16712190,25044,0
"erpine Forest",530,1179337226,3319267738,1092175790,"Quest - Sunwell Daily - Dead Scar Bombing - End",0,0,0,0,0,0,0,0,0,0,0,0,0,0,0,16712190,25044,0
"rpine Forest",530,1179336192,3319266939,1092175790,"Quest - Sunwell Daily - Ship Bombing - Start",0,0,0,0,0,0,0,0,0,0,0,0,0,0,0,16712190,25044,0
"pine Forest",530,1179521065,3319543890,1083787182,"Quest - Sunwell Daily - Ship Bombing - End",0,0,0,0,0,0,0,0,0,0,0,0,0,0,0,16712190,25044,0
"ine Forest",530,1179341517,3319259894,1092175790,"Shattered Sun Staging Area",0,0,0,0,0,0,0,0,0,0,0,0,0,0,0,16712190,19917,28361
"ne Forest",0,0,0,0,"Quest - Howling Fjord - Naglfar (Start)",0,0,0,0,0,0,0,0,0,0,0,0,0,0,0,16712190,0,0
"e Forest",0,0,0,0,"Quest - Howling Fjord - Naglfar (Nodes)",0,0,0,0,0,0,0,0,0,0,0,0,0,0,0,16712190,0,0
" Forest",0,0,0,0,"",0,0,0,0,0,0,0,0,0,0,0,0,0,0,0,16712188,0,0
"Forest",0,0,0,0,"",0,0,0,0,0,0,0,0,0,0,0,0,0,0,0,16712188,0,0
"orest",571,1143783260,3312368026,1132007260,"Transport, Howling Fjord (Gondola, Top)",0,0,0,0,0,0,0,0,0,0,0,0,0,0,0,16712190,0,0
"rest",571,1142422897,3308626616,1109010678,"Transport, Howling Fjord (Gondola, Bottom)",0,0,0,0,0,0,0,0,0,0,0,0,0,0,0,16712190,0,0
"est",530,1161739305,1164355215,1125032264,"",0,0,0,0,0,0,0,0,0,0,0,0,0,0,0,16712188,5403,0
"st",571,1163434639,1169714708,1125133189,"Amber Ledge, Borean (To Beryl)",0,0,0,0,0,0,0,0,0,0,0,0,0,0,0,16712190,26088,0
"t",571,1162402775,1170089411,1124728832,"Beryl Point, Borean",0,0,0,0,0,0,0,0,0,0,0,0,0,0,0,16712190,25695,0
"",0,0,0,0,"Quest - Naglevar",0,0,0,0,0,0,0,0,0,0,0,0,0,0,0,16712190,0,0
"Undercity, Tirisfal",0,0,0,0,"Borean Tundra, Naglevar",0,0,0,0,0,0,0,0,0,0,0,0,0,0,0,16712190,0,0
"ndercity, Tirisfal",571,1163878646,1169856594,1124604969,"Amber Ledge, Borean (to Coldarra)",0,0,0,0,0,0,0,0,0,0,0,0,0,0,0,16712190,25695,0
"dercity, Tirisfal",571,1163884298,1171270943,1128476836,"Transitus Shield, Coldarra",0,0,0,0,0,0,0,0,0,0,0,0,0,0,0,16712190,26899,26899
"ercity, Tirisfal",451,1182917443,1183038925,1111223173,"Transport, PattyMacDevTest",0,0,0,0,0,0,0,0,0,0,0,0,0,0,0,16712190,28901,25968
"rcity, Tirisfal",0,0,0,0,"Development Land - Pat Test Start",0,0,0,0,0,0,0,0,0,0,0,0,0,0,0,16712190,0,0
"city, Tirisfal",0,0,0,0,"Development Land - Pat Test End",0,0,0,0,0,0,0,0,0,0,0,0,0,0,0,16712190,0,0
"ity, Tirisfal",571,1160258601,1147040727,1083409695,"Transport, Tuskarr 01",0,0,0,0,0,0,0,0,0,0,0,0,0,0,0,16712190,0,0
"ty, Tirisfal",571,1160258888,1147168850,1083430666,"Transport, Tuskarr 02",0,0,0,0,0,0,0,0,0,0,0,0,0,0,0,16712190,0,0
"y, Tirisfal",571,1160604426,1170444575,1118264361,"Borean Tundra - Warsong Hold Wolf Start",0,0,0,0,0,0,0,0,0,0,0,0,0,0,0,16712190,26128,0
", Tirisfal",571,1163343954,1166032794,1098912891,"Borean Tundra - Warsong Hold Wolf End",0,0,0,0,0,0,0,0,0,0,0,0,0,0,0,16712190,0,0
" Tirisfal",571,1166087414,1172726395,1141212938,"Coldarra Ledge, Coldarra",0,0,0,0,0,0,0,0,0,0,0,0,0,0,0,16712190,26263,0
"Tirisfal",571,1163884790,1171250872,1128478147,"Transitus Shield, Coldarra (NOT USED)",0,0,0,0,0,0,0,0,0,0,0,0,0,0,0,16712190,25695,0
"irisfal",571,1165733683,1172139090,1126533693,"Coldarra, Keristrasza to Malygos",0,0,0,0,0,0,0,0,0,0,0,0,0,0,0,16712190,26263,0
"risfal",571,1165334118,1171125740,1126848266,"Coldarra, Keristrasza Landing",0,0,0,0,0,0,0,0,0,0,0,0,0,0,0,16712190,0,0
"isfal",0,0,0,0,"",0,0,0,0,0,0,0,0,0,0,0,0,0,0,0,16712188,0,0
"sfal",571,1161973760,1164884132,1102703493,"Borean Tundra - Quest - Dusk Start",0,0,0,0,0,0,0,0,0,0,0,0,0,0,0,16712190,26404,0
"fal",571,1164043469,1164272108,1108287160,"Borean Tundra - Quest - Dusk - End",0,0,0,0,0,0,0,0,0,0,0,0,0,0,0,16712190,11195,0
"al",0,0,0,0,"Transport, Valiance Keep",0,0,0,0,0,0,0,0,0,0,0,0,0,0,0,16712190,0,0
"l",571,1160461230,1146918830,1087666913,"Quest - Dragonblight - Spiritual Vision - Begin",0,0,0,0,0,0,0,0,0,0,0,0,0,0,0,16712190,21396,0
"",571,1160456069,1146920305,1087373312,"Quest - Dragonblight - Spiritual Vision - End",0,0,0,0,0,0,0,0,0,0,0,0,0,0,0,16712190,0,0
"Darkshire, Duskwood",571,1164445409,3291330314,1129812460,"Wintergarde Keep, Dragonblight",0,0,0,0,0,0,0,0,0,0,0,0,0,0,0,16712190,0,541
"arkshire, Duskwood",571,1158535332,1168223621,1093769626,"Valiance Keep, Borean Tundra",0,0,0,0,0,0,0,0,0,0,0,0,0,0,0,16712190,0,541
"rkshire, Duskwood",571,1166080471,1168509071,1105550377,"Fizzcrank Airstrip, Borean Tundra",0,0,0,0,0,0,0,0,0,0,0,0,0,0,0,16712190,0,28360
"kshire, Duskwood",571,1163592212,1157169398,1115810693,"Stars' Rest, Dragonblight",0,0,0,0,0,0,0,0,0,0,0,0,0,0,0,16712190,0,3837
"shire, Duskwood",571,1157874115,3308890604,1125422203,"Apothecary Camp, Howling Fjord",0,0,0,0,0,0,0,0,0,0,0,0,0,0,0,16712190,3574,0
"hire, Duskwood",571,1165116785,3314368676,1129927148,"Camp Oneqwah, Grizzly Hills",0,0,0,0,0,0,0,0,0,0,0,0,0,0,0,16712190,2224,0
"ire, Duskwood",571,1162587750,3305992561,1122286961,"Conquest Hold, Grizzly Hills",0,0,0,0,0,0,0,0,0,0,0,0,0,0,0,16712190,2224,0
"re, Duskwood",571,1167073710,1152373555,1128468316,"Fordragon Hold, Dragonblight",0,0,0,0,0,0,0,0,0,0,0,0,0,0,0,16712190,0,541
"e, Duskwood",571,1164202844,1131910267,1112607293,"Wyrmrest Temple, Dragonblight",0,0,0,0,0,0,0,0,0,0,0,0,0,0,0,16712190,26899,26899
", Duskwood",571,1163355546,3308003738,1128752742,"Amberpine Lodge, Grizzly Hills",0,0,0,0,0,0,0,0,0,0,0,0,0,0,0,16712190,0,541
" Duskwood",571,1162522460,3290860093,1126615613,"Venomspite, Dragonblight",0,0,0,0,0,0,0,0,0,0,0,0,0,0,0,16712190,3574,0
"Duskwood",571,1167017943,3313825157,1127626179,"Westfall Brigade, Grizzly Hills",0,0,0,0,0,0,0,0,0,0,0,0,0,0,0,16712190,0,541
"uskwood",571,1165073900,1153348649,1119097979,"Agmar's Hammer, Dragonblight",0,0,0,0,0,0,0,0,0,0,0,0,0,0,0,16712190,2224,0
"skwood",571,1161200804,1170413261,1129368781,"Warsong Hold, Borean Tundra",0,0,0,0,0,0,0,0,0,0,0,0,0,0,0,16712190,2224,0
"kwood",571,1163368489,1165989970,1099243192,"Taunka'le Village, Borean Tundra",0,0,0,0,0,0,0,0,0,0,0,0,0,0,0,16712190,2224,0
"wood",571,1166792274,1169326346,1117949788,"Bor'gorok Outpost, Borean Tundra",0,0,0,0,0,0,0,0,0,0,0,0,0,0,0,16712190,2224,0
"ood",571,1167758684,1150402068,1131385324,"Kor'koron Vanguard, Dragonblight",0,0,0,0,0,0,0,0,0,0,0,0,0,0,0,16712190,2224,0
"od",571,1164440822,3291384709,1129812460,"Quest - Stars' Rest to Wintergarde End",0,0,0,0,0,0,0,0,0,0,0,0,0,0,0,16712190,0,27127
"d",571,1166367519,3309219553,1134498939,"Grizzly Hills, Alliance Log Ride Start 01",0,0,0,0,0,0,0,0,0,0,0,0,0,0,0,16712190,29878,0
"",571,1160149688,3305658163,1079739679,"Grizzly Hills, Alliance Log Ride End 01",0,0,0,0,0,0,0,0,0,0,0,0,0,0,0,16712190,0,0
"Tarren Mill, Hillsbrad",0,0,0,0,"Transport, Auberdine (NEW)",0,0,0,0,0,0,0,0,0,0,0,0,0,0,0,16712190,0,0
"arren Mill, Hillsbrad",0,0,0,0,"Transport, Theramore (NEW)",0,0,0,0,0,0,0,0,0,0,0,0,0,0,0,16712190,0,0
"rren Mill, Hillsbrad",0,0,0,0,"Transport, Menethil (NEW)",0,0,0,0,0,0,0,0,0,0,0,0,0,0,0,16712190,0,0
"ren Mill, Hillsbrad",571,1166377144,3310027817,1134720778,"Grizzly Hills, Alliance Log Ride Start",0,0,0,0,0,0,0,0,0,0,0,0,0,0,0,16712190,29878,0
"en Mill, Hillsbrad",571,1160151941,3306326548,1101896090,"Grizzly Hills, Alliance Log Ride End",0,0,0,0,0,0,0,0,0,0,0,0,0,0,0,16712190,0,0
"n Mill, Hillsbrad",571,1151841649,3310193623,1127117619,"Quest - Westguard Keep to Wintergarde Keep Begin",0,0,0,0,0,0,0,0,0,0,0,0,0,0,0,16712190,0,27491
" Mill, Hillsbrad",571,1164444590,3291313766,1129802629,"Quest - Westguard Keep to Wintergarde Keep End",0,0,0,0,0,0,0,0,0,0,0,0,0,0,0,16712190,0,27491
"Mill, Hillsbrad",571,1166457344,3308833219,1134471086,"Grizzly Hills, Horde Log Ride Start",0,0,0,0,0,0,0,0,0,0,0,0,0,0,0,16712190,29879,0
"ill, Hillsbrad",571,1161051136,3302045368,1087331369,"Grizzly Hills, Horde Log Ride End",0,0,0,0,0,0,0,0,0,0,0,0,0,0,0,16712190,0,0
"ll, Hillsbrad",571,1163768709,1136574136,1112607293,"Wyrmrest Temple - bottom to top, Dragonblight - Begin",0,0,0,0,0,0,0,0,0,0,0,0,0,0,0,16712190,26899,26899
"l, Hillsbrad",571,1163945492,1133167903,1135242445,"Wyrmrest Temple - bottom to top, Dragonblight - End",0,0,0,0,0,0,0,0,0,0,0,0,0,0,0,16712190,0,0
", Hillsbrad",571,1163934310,1133222625,1135241789,"Wyrmrest Temple - top to bottom, Dragonblight - Begin",0,0,0,0,0,0,0,0,0,0,0,0,0,0,0,16712190,26899,26899
" Hillsbrad",571,1163622318,1136326410,1112607293,"Wyrmrest Temple - top to bottom, Dragonblight - End",0,0,0,0,0,0,0,0,0,0,0,0,0,0,0,16712190,0,0
"Hillsbrad",571,1163933901,1133220332,1135241789,"Wyrmrest Temple - top to middle, Dragonblight - Begin",0,0,0,0,0,0,0,0,0,0,0,0,0,0,0,16712190,26899,26899
"illsbrad",571,1163752407,1134134559,1122596291,"Wyrmrest Temple - top to middle, Dragonblight - End",0,0,0,0,0,0,0,0,0,0,0,0,0,0,0,16712190,0,0
"llsbrad",571,1163931812,1133154796,1135241462,"Wyrmrest Temple - middle to top, Dragonblight - End",0,0,0,0,0,0,0,0,0,0,0,0,0,0,0,16712190,0,0
"lsbrad",571,1163762156,1133038797,1122610708,"Wyrmrest Temple - middle to top, Dragonblight - Begin",0,0,0,0,0,0,0,0,0,0,0,0,0,0,0,16712190,26899,26899
"sbrad",571,1163625349,1136314614,1112607293,"Wyrmrest Temple - middle to bottom, Dragonblight - End",0,0,0,0,0,0,0,0,0,0,0,0,0,0,0,16712190,0,0
"brad",571,1163762115,1133038797,1122610708,"Wyrmrest Temple - middle to bottom, Dragonblight - Begin",0,0,0,0,0,0,0,0,0,0,0,0,0,0,0,16712190,26899,26899
"rad",571,1163752940,1134135214,1122596291,"Wyrmrest Temple - bottom to middle, Dragonblight - End",0,0,0,0,0,0,0,0,0,0,0,0,0,0,0,16712190,0,0
"ad",571,1163772518,1136558408,1112607293,"Wyrmrest Temple - bottom to middle, Dragonblight - Begin",0,0,0,0,0,0,0,0,0,0,0,0,0,0,0,16712190,26899,26899
"d",0,0,0,0,"Quest - Wintergarde -> Stars' Rest (Start)",0,0,0,0,0,0,0,0,0,0,0,0,0,0,0,16712190,0,27764
"",571,1163590697,1157153669,1115831665,"Quest - Wintergarde -> Stars' Rest (End)",0,0,0,0,0,0,0,0,0,0,0,0,0,0,0,16712190,0,0
"Southshore, Hillsbrad",0,0,0,0,"Quest - Valgarde -> Westguard Keep Start",0,0,0,0,0,0,0,0,0,0,0,0,0,0,0,16712190,0,27491
"outhshore, Hillsbrad",571,1151838044,3310194319,1127118275,"Quest - Valgarde -> Westguard Keep End",0,0,0,0,0,0,0,0,0,0,0,0,0,0,0,16712190,0,0
"uthshore, Hillsbrad",571,1163935089,1169861222,1124612178,"Amber Ledge, Borean Tundra",0,0,0,0,0,0,0,0,0,0,0,0,0,0,0,16712190,26899,26899
"thshore, Hillsbrad",571,1168790118,3307398226,1134130299,"Argent Stand, Zul'Drak",0,0,0,0,0,0,0,0,0,0,0,0,0,0,0,16712190,28172,0
"hshore, Hillsbrad",571,1167926661,3309094420,1133655491,"Ruined City Post 01, Zul'Drak",0,0,0,0,0,0,0,0,0,0,0,0,0,0,0,16712190,0,0
"shore, Hillsbrad",0,3322038641,1149919314,1113918013,"Flavor - Stormwind Harbor  - Start",0,0,0,0,0,0,0,0,0,0,0,0,0,0,0,16712190,541,0
"hore, Hillsbrad",0,3322041436,1149877043,1113918013,"Flavor - Stormwind Harbor - Stop",0,0,0,0,0,0,0,0,0,0,0,0,0,0,0,16712190,0,0
"ore, Hillsbrad",571,1160677171,1147354481,1102226391,"Moa'ki, Dragonblight",0,0,0,0,0,0,0,0,0,0,0,0,0,0,0,16712190,2224,541
"re, Hillsbrad",571,1145327944,3308551004,1086094049,"Kamagua, Howling Fjord",0,0,0,0,0,0,0,0,0,0,0,0,0,0,0,16712190,2224,541
"e, Hillsbrad",571,1161196298,1165812081,1072483533,"Unu'pe, Borean Tundra",0,0,0,0,0,0,0,0,0,0,0,0,0,0,0,16712190,2224,541
", Hillsbrad",571,1169009807,1169510502,3263442452,"Sholazar Basin - Quest - Reconnaisance - Start",0,0,0,0,0,0,0,0,0,0,0,0,0,0,0,16712190,0,0
" Hillsbrad",571,1168902861,1167351378,3275910676,"Sholazar Basin - Quest - Reconnaisance - End",0,0,0,0,0,0,0,0,0,0,0,0,0,0,0,16712190,0,0
"Hillsbrad",0,0,0,0,"Transport: Menethil <-> Valgarde",0,0,0,0,0,0,0,0,0,0,0,0,0,0,0,16712190,0,0
"illsbrad",0,0,0,0,"Transport, Stormwind",0,0,0,0,0,0,0,0,0,0,0,0,0,0,0,16712190,0,0
"llsbrad",571,1166076948,1168504812,1105555620,"Quest - Borean Tundra - Check In With Bixie - Begin",0,0,0,0,0,0,0,0,0,0,0,0,0,0,0,16712190,0,28360
"lsbrad",571,1166171812,1166507274,1108405125,"Quest - Borean Tundra - Check In With Bixie - End",0,0,0,0,0,0,0,0,0,0,0,0,0,0,0,16712190,0,0
"sbrad",571,1168074363,1158191718,1136054108,"Valiance Landing Camp, Wintergrasp",0,0,0,0,0,0,0,0,0,0,0,0,0,0,0,16712190,0,541
"brad",571,1168936202,3307668480,1134033306,"The Argent Stand, Zul'Drak",0,0,0,0,0,0,0,0,0,0,0,0,0,0,0,16712190,2224,541
"rad",571,1168316211,3299002122,1131555062,"Ebon Watch, Zul'Drak",0,0,0,0,0,0,0,0,0,0,0,0,0,0,0,16712190,32981,32981
"ad",571,1168257249,3305760604,1131374182,"Light's Breach, Zul'Drak",0,0,0,0,0,0,0,0,0,0,0,0,0,0,0,16712190,2224,541
"d",571,1169460019,3311447818,1136744530,"Zim'Torga, Zul'Drak",0,0,0,0,0,0,0,0,0,0,0,0,0,0,0,16712190,2224,541
"",571,1168904663,1167352013,3275910676,"River's Heart, Sholazar Basin",0,0,0,0,0,0,0,0,0,0,0,0,0,0,0,16712190,28625,28625
"Eastern Plaguelands",571,1169088717,1169556214,3263657411,"Nesingwary Base Camp, Sholazar Basin",0,0,0,0,0,0,0,0,0,0,0,0,0,0,0,16712190,28625,28625
"astern Plaguelands",571,1169534751,1138790564,1143255040,"Dalaran",0,0,0,0,0,0,0,0,0,0,0,0,0,0,0,16712190,2224,541
"stern Plaguelands",571,1165123215,3314367672,1129925181,"Camp Onequah, Grizzly Hills (Quest)",0,0,0,0,0,0,0,0,0,0,0,0,0,0,0,16712190,2224,0
"tern Plaguelands",571,1168256348,3305762202,1131374182,"Light's Breach, Zul'Drak (Quest)",0,0,0,0,0,0,0,0,0,0,0,0,0,0,0,16712190,0,0
"ern Plaguelands",571,1167015956,3313816330,1127623557,"Westfall Brigade, Grizzly Hills (Quest)",0,0,0,0,0,0,0,0,0,0,0,0,0,0,0,16712190,0,541
"rn Plaguelands",571,1169463562,3311453880,1136749773,"Zim'Torga, Zul'Drak (Quest)",0,0,0,0,0,0,0,0,0,0,0,0,0,0,0,16712190,3574,0
"n Plaguelands",0,1158874604,3316717384,1136598712,"Acherus: The Ebon Hold",0,0,0,0,0,0,0,0,0,0,0,0,0,0,0,16712190,32981,0
" Plaguelands",0,0,0,0,"Ebon Hold - Acherus -> Death's Breach Start",0,0,0,0,0,0,0,0,0,0,0,0,0,0,0,16712190,29488,29488
"Plaguelands",609,1159196672,3316847022,1126035620,"Ebon Hold - Acherus -> Death's Breach End",0,0,0,0,0,0,0,0,0,0,0,0,0,0,0,16712190,0,0
"laguelands",0,0,0,0,"Ebon Hold - Death's Breach -> Acherus Start",0,0,0,0,0,0,0,0,0,0,0,0,0,0,0,16712190,29501,29501
"aguelands",609,1158891561,3316711793,1136599040,"Ebon Hold - Death's Breach -> Acherus End",0,0,0,0,0,0,0,0,0,0,0,0,0,0,0,16712190,0,0
"guelands",571,1170298368,3296959775,1137514906,"K3, The Storm Peaks",0,0,0,0,0,0,0,0,0,0,0,0,0,0,0,16712190,2224,541
"uelands",571,1171282002,3280034202,1148221850,"Frosthold, The Storm Peaks",0,0,0,0,0,0,0,0,0,0,0,0,0,0,0,16712190,0,541
"elands",571,1172594770,3307403674,1145811763,"Dun Nifflelem, The Storm Peaks",0,0,0,0,0,0,0,0,0,0,0,0,0,0,0,16712190,32585,32585
"lands",571,1173719654,3291988296,1150493901,"Grom'arsh Crash-Site, The Storm Peaks",0,0,0,0,0,0,0,0,0,0,0,0,0,0,0,16712190,2224,0
"ands",571,1173589709,3308233073,1150820598,"Camp Tunka'lo, The Storm Peaks",0,0,0,0,0,0,0,0,0,0,0,0,0,0,0,16712190,2224,0
"nds",571,1172839055,1166278984,1134366228,"Death's Rise, Icecrown",0,0,0,0,0,0,0,0,0,0,0,0,0,0,0,16712190,32981,32981
"ds",571,1175094006,3299183247,1149311549,"Ulduar, The Storm Peaks",0,0,0,0,0,0,0,0,0,0,0,0,0,0,0,16712190,2224,541
"s",571,1174692311,3282565530,1147313848,"Bouldercrag's Refuge, The Storm Peaks",0,0,0,0,0,0,0,0,0,0,0,0,0,0,0,16712190,2224,541
"",571,1172991283,1150191862,1143639736,"Transport, Icecrown Airship (A)",0,0,0,0,0,0,0,0,0,0,0,0,0,0,0,16712190,0,0
"Refuge Pointe, Arathi",571,1173114491,1154978529,1143661527,"Transport, Icecrown Airship (H)",0,0,0,0,0,0,0,0,0,0,0,0,0,0,0,16712190,0,0
"efuge Pointe, Arathi",571,1172966687,1152956170,1134842348,"Transport, Icecrown (Target)",0,0,0,0,0,0,0,0,0,0,0,0,0,0,0,16712190,0,0
"fuge Pointe, Arathi",571,1171754291,3313545687,1139387597,"Gundrak, Zul'Drak",0,0,0,0,0,0,0,0,0,0,0,0,0,0,0,16712190,2224,541
"uge Pointe, Arathi",571,1167919084,1164335309,1135966290,"Warsong Camp, Wintergrasp",0,0,0,0,0,0,0,0,0,0,0,0,0,0,0,16712190,2224,0
"ge Pointe, Arathi",571,1174626396,1160309391,1143195402,"The Shadow Vault, Icecrown",0,0,0,0,0,0,0,0,0,0,0,0,0,0,0,16712190,32981,0
"e Pointe, Arathi",571,1170252780,3262463345,1136793354,"The Argent Vanguard, Icecrown",0,0,0,0,0,0,0,0,0,0,0,0,0,0,0,16712190,2224,541
" Pointe, Arathi",571,1170739323,1139404308,1140827423,"Crusaders' Pinnacle, Icecrown",0,0,0,0,0,0,0,0,0,0,0,0,0,0,0,16712190,32586,32586
"Pointe, Arathi",571,1167940915,3288464753,1130457334,"Windrunner's Overlook, Crystalsong Forest",0,0,0,0,0,0,0,0,0,0,0,0,0,0,0,16712190,0,31315
"ointe, Arathi",571,1169077228,3291303608,1129226568,"Sunreaver's Command, Crystalsong Forest",0,0,0,0,0,0,0,0,0,0,0,0,0,0,0,16712190,34709,0
"te, Arathi",571,1174695721,1147063501,1141428879,"Argent Tournament Grounds, Icecrown",0,0,0,0,0,0,0,0,0,0,0,0,0,0,0,16712190,34709,31315
"e, Arathi",603,3292220621,3267885793,1138153226,"Ulduar Raid - Interior - Insertion Point",0,0,0,0,0,0,0,0,0,0,0,0,0,0,0,16712190,25968,25968
", Arathi",603,1123019653,3264167281,1137501798,"Ulduar Raid - Iron Concourse",0,0,0,0,0,0,0,0,0,0,0,0,0,0,0,16712190,25968,25968
"hi",0,0,0,0,"Transport: Thunder Bluff <-> Org (Zep)",0,0,0,0,0,0,0,0,0,0,0,0,0,0,0,16712190,0,0
"ammerfall, Arathi",0,0,0,0,"Isle of Conquest - Gunships",0,0,0,0,0,0,0,0,0,0,0,0,0,0,0,16712190,0,0
"mmerfall, Arathi",0,0,0,0,"",0,0,0,0,0,0,0,0,0,0,0,0,0,0,0,16712188,0,0
"fall, Arathi",0,0,0,0,"",0,0,0,0,0,0,0,0,0,0,0,0,0,0,0,16712188,0,0
"all, Arathi",571,1174718792,1149585981,1141509161,"Quest - Icecrown - North Sea Kraken Bombing - Start",0,0,0,0,0,0,0,0,0,0,0,0,0,0,0,16712190,35146,35146
"ll, Arathi",571,1174722079,1149567140,1141509161,"Quest - Icecrown - North Sea Kraken Bombing - End",0,0,0,0,0,0,0,0,0,0,0,0,0,0,0,16712190,33857,33857
"gol, Stranglethorn",0,0,0,0,"REUSEME",0,0,0,0,0,0,0,0,0,0,0,0,0,0,0,16712190,0,0
"ol, Stranglethorn",0,0,0,0,"AAAIcecrown Raid - Airship Battle Taxi Paths",0,0,0,0,0,0,0,0,0,0,0,0,0,0,0,16712190,0,0
"l, Stranglethorn",0,0,0,0,"Icecrown Dungeon - Gunships",0,0,0,0,0,0,0,0,0,0,0,0,0,0,0,16712190,0,0
" Stranglethorn",631,3276314378,1152626934,3286377103,"AAAAIcecrown Raid - Saurfang's Ship (End)",0,0,0,0,0,0,0,0,0,0,0,0,0,0,0,16712190,0,0
"Stranglethorn",0,0,0,0,"AAAAIcecrown Raid - Saurfang's Ship (Start)",0,0,0,0,0,0,0,0,0,0,0,0,0,0,0,16712190,0,0
"tranglethorn",0,0,0,0,"AAAAQuest [Transport] Icecrown Raid - Saurfang Ship (START)",0,0,0,0,0,0,0,0,0,0,0,0,0,0,0,16712190,0,0
"ranglethorn",0,0,0,0,"Quest [Transport] Icecrown Raid - Saurfang Ship (END)",0,0,0,0,0,0,0,0,0,0,0,0,0,0,0,16712190,0,0
"anglethorn",0,1156763976,3307205345,1114927268,"Thondoril River, Western Plaguelands",0,0,0,0,0,0,0,0,0,0,0,0,0,0,0,16712190,2224,541
"nglethorn",0,1154997125,3292082340,1114382008,"The Bulwark, Tirisfal",0,0,0,0,0,0,0,0,0,0,0,0,0,0,0,16712190,3574,0
"n",0,3316270080,3290842399,1136949658,"CC Prologue - GT - Quest - Vent Horizon - Start",0,0,0,0,0,0,0,0,0,0,0,0,0,0,0,16712190,28625,28625
"",0,3316268749,3290850755,1136956539,"CC Prologue - GT - Quest - Vent Horizon - End",0,0,0,0,0,0,0,0,0,0,0,0,0,0,0,16712190,35146,35146
"Kargath, Badlands",0,3316276183,3290885816,1136951624,"CC Prologue - GT - Battle Flight - Start",0,0,0,0,0,0,0,0,0,0,0,0,0,0,0,16712190,28625,28625
"argath, Badlands",0,3316241838,1141032387,1136797286,"CC Prologue - GT - Battle Flight - End",0,0,0,0,0,0,0,0,0,0,0,0,0,0,0,16712190,0,0
"adlands",1,3293702390,3315321549,1097492070,"Durotar - ET - CC Prologue Spy Frog Start",0,0,0,0,0,0,0,0,0,0,0,0,0,0,0,16712190,40203,0
"dlands",1,3293675684,3315323453,1097596928,"Durotar - ET - CC Prologue Spy Frog End",0,0,0,0,0,0,0,0,0,0,0,0,0,0,0,16712190,40203,0
"rimmar, Durotar",1,3293689446,3315322860,1097554985,"Durotar - ET - CC Prologue Troll Taxi Bat Start",0,0,0,0,0,0,0,0,0,0,0,0,0,0,0,16712190,3574,0
"immar, Durotar",1,1133392036,3314864865,1095300547,"Durotar - ET - CC Prologue Troll Recruit End",0,0,0,0,0,0,0,0,0,0,0,0,0,0,0,16712190,3574,0
"mmar, Durotar",1,3293842637,3316046766,1078229729,"Durotar - ET - CC Prologue - Troll Battle End",0,0,0,0,0,0,0,0,0,0,0,0,0,0,0,16712190,0,0
